filename,description,rod_length,big_end_diameter,small_end_diameter,shaft_thickness,rod_thickness,shaft_length,shaft_diameter,cam_major_diameter,cam_minor_diameter,cam_thickness,journal_diameter,journal_thickness,num_cams,component_type,throw_count,web_thickness,counterweight_radius,cylinder_count,head_length,port_diameter,valve_diameter,length,width,height,oil_pan_depth,bearing_diameter,flange_thickness,valve_type,stem_length,stem_diameter,head_diameter,head_thickness,filleted
connecting_rod_0_long_thick_rod_with_big_end.stl,long thick rod with big end,200,60,30,25,15,,,,,,,,,,,,,,,,,,,,,,,,,,,,
connecting_rod_1_short_thin_rod_with_small_end.stl,short thin rod with small end,100,40,30,15,8,,,,,,,,,,,,,,,,,,,,,,,,,,,,
connecting_rod_2_long_rod_with_narrow_end.stl,long rod with narrow end,200,50,25,20,10,,,,,,,,,,,,,,,,,,,,,,,,,,,,
connecting_rod_3_short_rod_with_wide_end.stl,short rod with wide end,100,50,35,20,10,,,,,,,,,,,,,,,,,,,,,,,,,,,,
connecting_rod_4_thick_rod.stl,thick rod,150,50,30,25,15,,,,,,,,,,,,,,,,,,,,,,,,,,,,
connecting_rod_5_thin_rod_with_big_end.stl,thin rod with big end,150,60,30,15,8,,,,,,,,,,,,,,,,,,,,,,,,,,,,
camshaft_0_long_thick_camshaft_with_big_cams.stl,long thick camshaft with big cams,,,,,,500,25,50,35,20,30,25,8,camshaft,,,,,,,,,,,,,,,,,,,
camshaft_1_short_thin_camshaft_with_small_cams.stl,short thin camshaft with small cams,,,,,,300,25,35,25,10,30,15,8,camshaft,,,,,,,,,,,,,,,,,,,
camshaft_2_long_camshaft_with_narrow_journals.stl,long camshaft with narrow journals,,,,,,500,25,40,30,15,25,20,8,camshaft,,,,,,,,,,,,,,,,,,,
camshaft_3_short_camshaft_with_wide_journals.stl,short camshaft with wide journals,,,,,,300,25,40,30,15,35,20,8,camshaft,,,,,,,,,,,,,,,,,,,
camshaft_4_thick_camshaft.stl,thick camshaft,,,,,,400,25,40,30,20,30,25,8,camshaft,,,,,,,,,,,,,,,,,,,
camshaft_5_thin_camshaft_with_big_cams.stl,thin camshaft with big cams,,,,,,400,25,50,35,10,30,15,8,camshaft,,,,,,,,,,,,,,,,,,,
camshaft_6_long_thick_camshaft_with_small_cams.stl,long thick camshaft with small cams,,,,,,500,25,35,25,20,30,25,8,camshaft,,,,,,,,,,,,,,,,,,,
camshaft_7_short_thin_camshaft_with_big_cams.stl,short thin camshaft with big cams,,,,,,300,25,50,35,10,30,15,8,camshaft,,,,,,,,,,,,,,,,,,,
camshaft_8_long_camshaft_with_wide_journals.stl,long camshaft with wide journals,,,,,,500,25,40,30,15,35,20,8,camshaft,,,,,,,,,,,,,,,,,,,
camshaft_9_short_camshaft_with_narrow_journals.stl,short camshaft with narrow journals,,,,,,300,25,40,30,15,25,20,8,camshaft,,,,,,,,,,,,,,,,,,,
camshaft_10_long_thin_camshaft.stl,long thin camshaft,,,,,,500,25,40,30,10,30,15,8,camshaft,,,,,,,,,,,,,,,,,,,
camshaft_11_short_thick_camshaft.stl,short thick camshaft,,,,,,310,25,40,30,20,30,25,8,camshaft,,,,,,,,,,,,,,,,,,,
camshaft_12_long_thick_camshaft_with_narrow_journals.stl,long thick camshaft with narrow journals,,,,,,500,25,40,30,20,25,25,8,camshaft,,,,,,,,,,,,,,,,,,,
camshaft_13_short_thin_camshaft_with_wide_journals.stl,short thin camshaft with wide journals,,,,,,300,25,40,30,10,35,15,8,camshaft,,,,,,,,,,,,,,,,,,,
camshaft_14_long_camshaft_with_big_cams.stl,long camshaft with big cams,,,,,,500,25,50,35,15,30,20,8,camshaft,,,,,,,,,,,,,,,,,,,
camshaft_15_short_camshaft_with_small_cams.stl,short camshaft with small cams,,,,,,300,25,35,25,15,30,20,8,camshaft,,,,,,,,,,,,,,,,,,,
camshaft_16_thick_camshaft_with_wide_journals.stl,thick camshaft with wide journals,,,,,,400,25,40,30,20,35,25,8,camshaft,,,,,,,,,,,,,,,,,,,
camshaft_17_thin_camshaft_with_narrow_journals.stl,thin camshaft with narrow journals,,,,,,400,25,40,30,10,25,15,8,camshaft,,,,,,,,,,,,,,,,,,,
camshaft_18_long_thick_camshaft.stl,long thick camshaft,,,,,,500,25,40,30,20,30,25,8,camshaft,,,,,,,,,,,,,,,,,,,
camshaft_19_short_thin_camshaft_with_big_cams_wide_journals.stl,short thin camshaft with big cams wide journals,,,,,,300,25,50,35,10,35,15,8,camshaft,,,,,,,,,,,,,,,,,,,
camshaft_20_long_thin_camshaft_with_small_cams.stl,long thin camshaft with small cams,,,,,,500,25,35,25,10,30,15,8,camshaft,,,,,,,,,,,,,,,,,,,
camshaft_21_short_thick_camshaft_with_narrow_journals.stl,short thick camshaft with narrow journals,,,,,,310,25,40,30,20,25,25,8,camshaft,,,,,,,,,,,,,,,,,,,
camshaft_22_long_camshaft_with_big_cams_wide_journals.stl,long camshaft with big cams wide journals,,,,,,500,25,50,35,15,35,20,8,camshaft,,,,,,,,,,,,,,,,,,,
camshaft_23_short_camshaft_with_small_cams_narrow_journals.stl,short camshaft with small cams narrow journals,,,,,,300,25,35,25,15,25,20,8,camshaft,,,,,,,,,,,,,,,,,,,
camshaft_24_long_thick_camshaft_with_big_cams_wide_journals.stl,long thick camshaft with big cams wide journals,,,,,,500,25,50,35,20,35,25,8,camshaft,,,,,,,,,,,,,,,,,,,
camshaft_25_short_thin_camshaft_with_small_cams_narrow_journals.stl,short thin camshaft with small cams narrow journals,,,,,,300,25,35,25,10,25,15,8,camshaft,,,,,,,,,,,,,,,,,,,
camshaft_26_long_thin_camshaft_with_big_cams_narrow_journals.stl,long thin camshaft with big cams narrow journals,,,,,,500,25,50,35,10,25,15,8,camshaft,,,,,,,,,,,,,,,,,,,
camshaft_27_short_thick_camshaft_with_small_cams_wide_journals.stl,short thick camshaft with small cams wide journals,,,,,,310,25,35,25,20,35,25,8,camshaft,,,,,,,,,,,,,,,,,,,
camshaft_28_long_camshaft_with_small_cams_wide_journals.stl,long camshaft with small cams wide journals,,,,,,500,25,35,25,15,35,20,8,camshaft,,,,,,,,,,,,,,,,,,,
camshaft_29_short_camshaft_with_big_cams_narrow_journals.stl,short camshaft with big cams narrow journals,,,,,,300,25,50,35,15,25,20,8,camshaft,,,,,,,,,,,,,,,,,,,
camshaft_30_long_thin_camshaft_with_big_cams_narrow_journals.stl,long thin camshaft with big cams narrow journals,,,,,,500,25,50,35,10,25,15,8,camshaft,,,,,,,,,,,,,,,,,,,
camshaft_31_short_thick_camshaft_with_small_cams_wide_journals.stl,short thick camshaft with small cams wide journals,,,,,,310,25,35,25,20,35,25,8,camshaft,,,,,,,,,,,,,,,,,,,
camshaft_32_long_camshaft_with_small_cams_narrow_journals.stl,long camshaft with small cams narrow journals,,,,,,500,25,35,25,15,25,20,8,camshaft,,,,,,,,,,,,,,,,,,,
camshaft_33_short_camshaft_with_big_cams_wide_journals.stl,short camshaft with big cams wide journals,,,,,,300,25,50,35,15,35,20,8,camshaft,,,,,,,,,,,,,,,,,,,
camshaft_34_long_thick_camshaft_with_big_cams.stl,long thick camshaft with big cams,,,,,,500,25,50,35,20,30,25,8,camshaft,,,,,,,,,,,,,,,,,,,
camshaft_35_short_thin_camshaft_with_small_cams.stl,short thin camshaft with small cams,,,,,,300,25,35,25,10,30,15,8,camshaft,,,,,,,,,,,,,,,,,,,
camshaft_36_long_camshaft_with_wide_journals_thin.stl,long camshaft with wide journals thin,,,,,,500,25,40,30,10,35,15,8,camshaft,,,,,,,,,,,,,,,,,,,
camshaft_37_short_camshaft_with_narrow_journals_thick.stl,short camshaft with narrow journals thick,,,,,,310,25,40,30,20,25,25,8,camshaft,,,,,,,,,,,,,,,,,,,
camshaft_38_long_thick_camshaft_with_small_cams_narrow_journals.stl,long thick camshaft with small cams narrow journals,,,,,,500,25,35,25,20,25,25,8,camshaft,,,,,,,,,,,,,,,,,,,
camshaft_39_short_thin_camshaft_with_big_cams_wide_journals.stl,short thin camshaft with big cams wide journals,,,,,,300,25,50,35,10,35,15,8,camshaft,,,,,,,,,,,,,,,,,,,
camshaft_40_long_thin_camshaft_with_big_cams.stl,long thin camshaft with big cams,,,,,,500,25,50,35,10,30,15,8,camshaft,,,,,,,,,,,,,,,,,,,
camshaft_41_short_thick_camshaft_with_small_cams.stl,short thick camshaft with small cams,,,,,,310,25,35,25,20,30,25,8,camshaft,,,,,,,,,,,,,,,,,,,
camshaft_42_long_camshaft_with_big_cams_narrow_journals.stl,long camshaft with big cams narrow journals,,,,,,500,25,50,35,15,25,20,8,camshaft,,,,,,,,,,,,,,,,,,,
camshaft_43_short_camshaft_with_small_cams_wide_journals.stl,short camshaft with small cams wide journals,,,,,,300,25,35,25,15,35,20,8,camshaft,,,,,,,,,,,,,,,,,,,
camshaft_44_long_thick_camshaft_with_wide_journals.stl,long thick camshaft with wide journals,,,,,,500,25,40,30,20,35,25,8,camshaft,,,,,,,,,,,,,,,,,,,
camshaft_45_short_thin_camshaft_with_narrow_journals.stl,short thin camshaft with narrow journals,,,,,,300,25,40,30,10,25,15,8,camshaft,,,,,,,,,,,,,,,,,,,
camshaft_46_long_thin_camshaft_with_small_cams_wide_journals.stl,long thin camshaft with small cams wide journals,,,,,,500,25,35,25,10,35,15,8,camshaft,,,,,,,,,,,,,,,,,,,
camshaft_47_short_thick_camshaft_with_big_cams_narrow_journals.stl,short thick camshaft with big cams narrow journals,,,,,,310,25,50,35,20,25,25,8,camshaft,,,,,,,,,,,,,,,,,,,
camshaft_48_long_camshaft_with_thick_big_cams.stl,long camshaft with thick big cams,,,,,,500,25,50,35,20,30,25,8,camshaft,,,,,,,,,,,,,,,,,,,
camshaft_49_short_camshaft_with_thin_small_cams.stl,short camshaft with thin small cams,,,,,,300,25,35,25,10,30,15,8,camshaft,,,,,,,,,,,,,,,,,,,
connecting_rod_6_long_thick_rod_with_small_end_narrow_shaft.stl,long thick rod with small end narrow shaft,200,40,20,15,15,,,,,,,,,connecting_rod,,,,,,,,,,,,,,,,,,,
connecting_rod_7_short_thin_rod_with_big_end_wide_shaft.stl,short thin rod with big end wide shaft,110,60,30,15,8,,,,,,,,,connecting_rod,,,,,,,,,,,,,,,,,,,
connecting_rod_8_long_rod_with_big_end_narrow_shaft.stl,long rod with big end narrow shaft,200,60,30,10,10,,,,,,,,,connecting_rod,,,,,,,,,,,,,,,,,,,
connecting_rod_9_short_rod_with_small_end_wide_shaft.stl,short rod with small end wide shaft,100,40,20,20,10,,,,,,,,,connecting_rod,,,,,,,,,,,,,,,,,,,
connecting_rod_10_long_thick_rod_with_big_end.stl,long thick rod with big end,200,60,30,20,15,,,,,,,,,connecting_rod,,,,,,,,,,,,,,,,,,,
connecting_rod_11_short_thin_rod_with_small_end.stl,short thin rod with small end,100,40,20,10,8,,,,,,,,,connecting_rod,,,,,,,,,,,,,,,,,,,
connecting_rod_12_long_rod_with_wide_shaft_thick.stl,long rod with wide shaft thick,200,50,25,25,15,,,,,,,,,connecting_rod,,,,,,,,,,,,,,,,,,,
connecting_rod_13_short_rod_with_narrow_shaft_thin.stl,short rod with narrow shaft thin,100,50,25,5,8,,,,,,,,,connecting_rod,,,,,,,,,,,,,,,,,,,
connecting_rod_14_long_thick_rod_with_small_end_wide_shaft.stl,long thick rod with small end wide shaft,200,40,20,25,15,,,,,,,,,connecting_rod,,,,,,,,,,,,,,,,,,,
connecting_rod_15_short_thin_rod_with_big_end_narrow_shaft.stl,short thin rod with big end narrow shaft,110,60,30,5,8,,,,,,,,,connecting_rod,,,,,,,,,,,,,,,,,,,
connecting_rod_16_long_thin_rod_with_big_end.stl,long thin rod with big end,200,60,30,10,8,,,,,,,,,connecting_rod,,,,,,,,,,,,,,,,,,,
connecting_rod_17_short_thick_rod_with_small_end.stl,short thick rod with small end,100,40,20,20,15,,,,,,,,,connecting_rod,,,,,,,,,,,,,,,,,,,
connecting_rod_18_long_rod_with_big_end_wide_shaft.stl,long rod with big end wide shaft,200,60,30,20,10,,,,,,,,,connecting_rod,,,,,,,,,,,,,,,,,,,
connecting_rod_19_short_rod_with_small_end_narrow_shaft.stl,short rod with small end narrow shaft,100,40,20,10,10,,,,,,,,,connecting_rod,,,,,,,,,,,,,,,,,,,
connecting_rod_20_long_thick_rod_with_wide_shaft.stl,long thick rod with wide shaft,200,50,25,25,15,,,,,,,,,connecting_rod,,,,,,,,,,,,,,,,,,,
connecting_rod_21_short_thin_rod_with_narrow_shaft.stl,short thin rod with narrow shaft,100,50,25,5,8,,,,,,,,,connecting_rod,,,,,,,,,,,,,,,,,,,
connecting_rod_22_long_thin_rod_with_small_end_wide_shaft.stl,long thin rod with small end wide shaft,200,40,20,15,8,,,,,,,,,connecting_rod,,,,,,,,,,,,,,,,,,,
connecting_rod_23_short_thick_rod_with_big_end_narrow_shaft.stl,short thick rod with big end narrow shaft,110,60,30,15,15,,,,,,,,,connecting_rod,,,,,,,,,,,,,,,,,,,
connecting_rod_24_long_rod_with_thick_big_end.stl,long rod with thick big end,200,60,30,20,15,,,,,,,,,connecting_rod,,,,,,,,,,,,,,,,,,,
connecting_rod_25_short_rod_with_thin_small_end.stl,short rod with thin small end,100,40,20,10,8,,,,,,,,,connecting_rod,,,,,,,,,,,,,,,,,,,
connecting_rod_26_long_thick_rod_with_big_end_wide_shaft.stl,long thick rod with big end wide shaft,200,60,30,25,15,,,,,,,,,connecting_rod,,,,,,,,,,,,,,,,,,,
connecting_rod_27_short_thin_rod_with_small_end_narrow_shaft.stl,short thin rod with small end narrow shaft,100,40,20,5,8,,,,,,,,,connecting_rod,,,,,,,,,,,,,,,,,,,
connecting_rod_28_long_thin_rod_with_big_end_narrow_shaft.stl,long thin rod with big end narrow shaft,200,60,30,5,8,,,,,,,,,connecting_rod,,,,,,,,,,,,,,,,,,,
connecting_rod_29_short_thick_rod_with_small_end_wide_shaft.stl,short thick rod with small end wide shaft,100,40,20,25,15,,,,,,,,,connecting_rod,,,,,,,,,,,,,,,,,,,
connecting_rod_30_long_rod_with_small_end_narrow_shaft.stl,long rod with small end narrow shaft,200,40,20,10,10,,,,,,,,,connecting_rod,,,,,,,,,,,,,,,,,,,
connecting_rod_31_short_rod_with_big_end_wide_shaft.stl,short rod with big end wide shaft,110,60,30,20,10,,,,,,,,,connecting_rod,,,,,,,,,,,,,,,,,,,
connecting_rod_32_long_thick_rod_with_small_end.stl,long thick rod with small end,200,40,20,20,15,,,,,,,,,connecting_rod,,,,,,,,,,,,,,,,,,,
connecting_rod_33_short_thin_rod_with_big_end.stl,short thin rod with big end,110,60,30,10,8,,,,,,,,,connecting_rod,,,,,,,,,,,,,,,,,,,
connecting_rod_34_long_rod_with_wide_shaft_thin.stl,long rod with wide shaft thin,200,50,25,15,8,,,,,,,,,connecting_rod,,,,,,,,,,,,,,,,,,,
connecting_rod_35_short_rod_with_narrow_shaft_thick.stl,short rod with narrow shaft thick,100,50,25,15,15,,,,,,,,,connecting_rod,,,,,,,,,,,,,,,,,,,
connecting_rod_36_long_thick_rod_with_big_end_narrow_shaft.stl,long thick rod with big end narrow shaft,200,60,30,15,15,,,,,,,,,connecting_rod,,,,,,,,,,,,,,,,,,,
connecting_rod_37_short_thin_rod_with_small_end_wide_shaft.stl,short thin rod with small end wide shaft,100,40,20,15,8,,,,,,,,,connecting_rod,,,,,,,,,,,,,,,,,,,
connecting_rod_38_long_thin_rod_with_big_end_wide_shaft.stl,long thin rod with big end wide shaft,200,60,30,15,8,,,,,,,,,connecting_rod,,,,,,,,,,,,,,,,,,,
connecting_rod_39_short_thick_rod_with_small_end_narrow_shaft.stl,short thick rod with small end narrow shaft,100,40,20,15,15,,,,,,,,,connecting_rod,,,,,,,,,,,,,,,,,,,
connecting_rod_40_long_rod_with_big_end_narrow_shaft.stl,long rod with big end narrow shaft,200,60,30,10,10,,,,,,,,,connecting_rod,,,,,,,,,,,,,,,,,,,
connecting_rod_41_short_rod_with_small_end_wide_shaft.stl,short rod with small end wide shaft,100,40,20,20,10,,,,,,,,,connecting_rod,,,,,,,,,,,,,,,,,,,
connecting_rod_42_long_thick_rod_with_wide_shaft_thin.stl,long thick rod with wide shaft thin,200,50,25,25,15,,,,,,,,,connecting_rod,,,,,,,,,,,,,,,,,,,
connecting_rod_43_short_thin_rod_with_narrow_shaft_thick.stl,short thin rod with narrow shaft thick,100,50,25,15,15,,,,,,,,,connecting_rod,,,,,,,,,,,,,,,,,,,
connecting_rod_44_long_thin_rod_with_small_end_narrow_shaft.stl,long thin rod with small end narrow shaft,200,40,20,5,8,,,,,,,,,connecting_rod,,,,,,,,,,,,,,,,,,,
connecting_rod_45_short_thick_rod_with_big_end_wide_shaft.stl,short thick rod with big end wide shaft,110,60,30,25,15,,,,,,,,,connecting_rod,,,,,,,,,,,,,,,,,,,
connecting_rod_46_long_rod_with_thick_big_end_wide_shaft.stl,long rod with thick big end wide shaft,200,60,30,25,15,,,,,,,,,connecting_rod,,,,,,,,,,,,,,,,,,,
connecting_rod_47_short_rod_with_thin_small_end_narrow_shaft.stl,short rod with thin small end narrow shaft,100,40,20,5,8,,,,,,,,,connecting_rod,,,,,,,,,,,,,,,,,,,
connecting_rod_48_long_thick_rod_with_big_end_narrow_shaft.stl,long thick rod with big end narrow shaft,200,60,30,15,15,,,,,,,,,connecting_rod,,,,,,,,,,,,,,,,,,,
connecting_rod_49_short_thin_rod_with_small_end_wide_shaft.stl,short thin rod with small end wide shaft,100,40,20,15,8,,,,,,,,,connecting_rod,,,,,,,,,,,,,,,,,,,
crankshaft_0_long_crankshaft_with_many_throws_thick_webs_large_counterweights.stl,long crankshaft with many throws thick webs large counterweights,,,,,,600,,,,,,,,crankshaft,6,20,60,,,,,,,,,,,,,,,,
crankshaft_1_short_crankshaft_with_few_throws_thin_webs_small_counterweights.stl,short crankshaft with few throws thin webs small counterweights,,,,,,300,,,,,,,,crankshaft,2,10,40,,,,,,,,,,,,,,,,
crankshaft_2_crankshaft_with_thick_webs_large_counterweights.stl,crankshaft with thick webs large counterweights,,,,,,450,,,,,,,,crankshaft,4,20,60,,,,,,,,,,,,,,,,
crankshaft_3_crankshaft_with_thin_webs_small_counterweights.stl,crankshaft with thin webs small counterweights,,,,,,450,,,,,,,,crankshaft,4,10,40,,,,,,,,,,,,,,,,
crankshaft_4_long_crankshaft_with_few_throws_thick_webs.stl,long crankshaft with few throws thick webs,,,,,,600,,,,,,,,crankshaft,2,20,50,,,,,,,,,,,,,,,,
crankshaft_5_short_crankshaft_with_many_throws_thin_webs.stl,short crankshaft with many throws thin webs,,,,,,300,,,,,,,,crankshaft,6,10,50,,,,,,,,,,,,,,,,
crankshaft_6_long_crankshaft_with_large_counterweights.stl,long crankshaft with large counterweights,,,,,,600,,,,,,,,crankshaft,4,15,60,,,,,,,,,,,,,,,,
crankshaft_7_short_crankshaft_with_small_counterweights.stl,short crankshaft with small counterweights,,,,,,300,,,,,,,,crankshaft,4,15,40,,,,,,,,,,,,,,,,
crankshaft_8_crankshaft_with_many_throws_thick_webs.stl,crankshaft with many throws thick webs,,,,,,450,,,,,,,,crankshaft,6,20,50,,,,,,,,,,,,,,,,
crankshaft_9_crankshaft_with_few_throws_thin_webs.stl,crankshaft with few throws thin webs,,,,,,450,,,,,,,,crankshaft,2,10,50,,,,,,,,,,,,,,,,
crankshaft_10_long_thick_crankshaft_with_many_throws.stl,long thick crankshaft with many throws,,,,,,600,,,,,,,,crankshaft,6,20,50,,,,,,,,,,,,,,,,
crankshaft_11_short_thin_crankshaft_with_few_throws.stl,short thin crankshaft with few throws,,,,,,300,,,,,,,,crankshaft,2,10,50,,,,,,,,,,,,,,,,
crankshaft_12_long_crankshaft_with_thick_webs_small_counterweights.stl,long crankshaft with thick webs small counterweights,,,,,,600,,,,,,,,crankshaft,4,20,40,,,,,,,,,,,,,,,,
crankshaft_13_short_crankshaft_with_thin_webs_large_counterweights.stl,short crankshaft with thin webs large counterweights,,,,,,300,,,,,,,,crankshaft,4,10,60,,,,,,,,,,,,,,,,
crankshaft_14_crankshaft_with_many_throws_large_counterweights.stl,crankshaft with many throws large counterweights,,,,,,450,,,,,,,,crankshaft,6,15,60,,,,,,,,,,,,,,,,
crankshaft_15_crankshaft_with_few_throws_small_counterweights.stl,crankshaft with few throws small counterweights,,,,,,450,,,,,,,,crankshaft,2,15,40,,,,,,,,,,,,,,,,
crankshaft_16_long_crankshaft_with_thin_webs_many_throws.stl,long crankshaft with thin webs many throws,,,,,,600,,,,,,,,crankshaft,6,10,50,,,,,,,,,,,,,,,,
crankshaft_17_short_crankshaft_with_thick_webs_few_throws.stl,short crankshaft with thick webs few throws,,,,,,300,,,,,,,,crankshaft,2,20,50,,,,,,,,,,,,,,,,
crankshaft_18_long_thick_crankshaft_with_large_counterweights.stl,long thick crankshaft with large counterweights,,,,,,600,,,,,,,,crankshaft,4,20,60,,,,,,,,,,,,,,,,
crankshaft_19_short_thin_crankshaft_with_small_counterweights.stl,short thin crankshaft with small counterweights,,,,,,300,,,,,,,,crankshaft,4,10,40,,,,,,,,,,,,,,,,
crankshaft_20_long_crankshaft_with_many_throws_thin_webs.stl,long crankshaft with many throws thin webs,,,,,,600,,,,,,,,crankshaft,6,10,50,,,,,,,,,,,,,,,,
crankshaft_21_short_crankshaft_with_few_throws_thick_webs.stl,short crankshaft with few throws thick webs,,,,,,300,,,,,,,,crankshaft,2,20,50,,,,,,,,,,,,,,,,
crankshaft_22_crankshaft_with_thick_webs_many_throws_large_counterweights.stl,crankshaft with thick webs many throws large counterweights,,,,,,450,,,,,,,,crankshaft,6,20,60,,,,,,,,,,,,,,,,
crankshaft_23_crankshaft_with_thin_webs_few_throws_small_counterweights.stl,crankshaft with thin webs few throws small counterweights,,,,,,450,,,,,,,,crankshaft,2,10,40,,,,,,,,,,,,,,,,
crankshaft_24_long_thick_crankshaft_with_few_throws_large_counterweights.stl,long thick crankshaft with few throws large counterweights,,,,,,600,,,,,,,,crankshaft,2,20,60,,,,,,,,,,,,,,,,
crankshaft_25_short_thin_crankshaft_with_many_throws_small_counterweights.stl,short thin crankshaft with many throws small counterweights,,,,,,300,,,,,,,,crankshaft,6,10,40,,,,,,,,,,,,,,,,
crankshaft_26_long_crankshaft_with_thick_webs_many_throws_large_counterweights.stl,long crankshaft with thick webs many throws large counterweights,,,,,,600,,,,,,,,crankshaft,6,20,60,,,,,,,,,,,,,,,,
crankshaft_27_short_crankshaft_with_thin_webs_few_throws_small_counterweights.stl,short crankshaft with thin webs few throws small counterweights,,,,,,300,,,,,,,,crankshaft,2,10,40,,,,,,,,,,,,,,,,
crankshaft_28_long_crankshaft_with_many_throws_large_counterweights.stl,long crankshaft with many throws large counterweights,,,,,,600,,,,,,,,crankshaft,6,15,60,,,,,,,,,,,,,,,,
crankshaft_29_short_crankshaft_with_few_throws_small_counterweights.stl,short crankshaft with few throws small counterweights,,,,,,300,,,,,,,,crankshaft,2,15,40,,,,,,,,,,,,,,,,
crankshaft_30_long_thick_crankshaft_with_thin_webs_many_throws.stl,long thick crankshaft with thin webs many throws,,,,,,600,,,,,,,,crankshaft,6,20,50,,,,,,,,,,,,,,,,
crankshaft_31_short_thin_crankshaft_with_thick_webs_few_throws.stl,short thin crankshaft with thick webs few throws,,,,,,300,,,,,,,,crankshaft,2,20,50,,,,,,,,,,,,,,,,
crankshaft_32_long_crankshaft_with_large_counterweights_many_throws.stl,long crankshaft with large counterweights many throws,,,,,,600,,,,,,,,crankshaft,6,15,60,,,,,,,,,,,,,,,,
crankshaft_33_short_crankshaft_with_small_counterweights_few_throws.stl,short crankshaft with small counterweights few throws,,,,,,300,,,,,,,,crankshaft,2,15,40,,,,,,,,,,,,,,,,
crankshaft_34_long_thick_crankshaft_with_many_throws_large_counterweights.stl,long thick crankshaft with many throws large counterweights,,,,,,600,,,,,,,,crankshaft,6,20,60,,,,,,,,,,,,,,,,
crankshaft_35_short_thin_crankshaft_with_few_throws_small_counterweights.stl,short thin crankshaft with few throws small counterweights,,,,,,300,,,,,,,,crankshaft,2,10,40,,,,,,,,,,,,,,,,
crankshaft_36_long_crankshaft_with_thin_webs_large_counterweights.stl,long crankshaft with thin webs large counterweights,,,,,,600,,,,,,,,crankshaft,4,10,60,,,,,,,,,,,,,,,,
crankshaft_37_short_crankshaft_with_thick_webs_small_counterweights.stl,short crankshaft with thick webs small counterweights,,,,,,300,,,,,,,,crankshaft,4,20,40,,,,,,,,,,,,,,,,
crankshaft_38_long_thick_crankshaft_with_few_throws_thin_webs.stl,long thick crankshaft with few throws thin webs,,,,,,600,,,,,,,,crankshaft,2,20,50,,,,,,,,,,,,,,,,
crankshaft_39_short_thin_crankshaft_with_many_throws_thick_webs.stl,short thin crankshaft with many throws thick webs,,,,,,310,,,,,,,,crankshaft,6,20,50,,,,,,,,,,,,,,,,
crankshaft_40_long_crankshaft_with_many_throws_thick_webs_small_counterweights.stl,long crankshaft with many throws thick webs small counterweights,,,,,,600,,,,,,,,crankshaft,6,20,40,,,,,,,,,,,,,,,,
crankshaft_41_short_crankshaft_with_few_throws_thin_webs_large_counterweights.stl,short crankshaft with few throws thin webs large counterweights,,,,,,300,,,,,,,,crankshaft,2,10,60,,,,,,,,,,,,,,,,
crankshaft_42_long_thick_crankshaft_with_large_counterweights_few_throws.stl,long thick crankshaft with large counterweights few throws,,,,,,600,,,,,,,,crankshaft,2,20,60,,,,,,,,,,,,,,,,
crankshaft_43_short_thin_crankshaft_with_small_counterweights_many_throws.stl,short thin crankshaft with small counterweights many throws,,,,,,300,,,,,,,,crankshaft,6,10,40,,,,,,,,,,,,,,,,
crankshaft_44_long_crankshaft_with_thick_webs_large_counterweights_many_throws.stl,long crankshaft with thick webs large counterweights many throws,,,,,,600,,,,,,,,crankshaft,6,20,60,,,,,,,,,,,,,,,,
crankshaft_45_short_crankshaft_with_thin_webs_small_counterweights_few_throws.stl,short crankshaft with thin webs small counterweights few throws,,,,,,300,,,,,,,,crankshaft,2,10,40,,,,,,,,,,,,,,,,
crankshaft_46_long_thick_crankshaft_with_many_throws_thin_webs_large_counterweights.stl,long thick crankshaft with many throws thin webs large counterweights,,,,,,600,,,,,,,,crankshaft,6,20,60,,,,,,,,,,,,,,,,
crankshaft_47_short_thin_crankshaft_with_few_throws_thick_webs_small_counterweights.stl,short thin crankshaft with few throws thick webs small counterweights,,,,,,300,,,,,,,,crankshaft,2,20,40,,,,,,,,,,,,,,,,
crankshaft_48_long_crankshaft_with_many_throws_thick_webs.stl,long crankshaft with many throws thick webs,,,,,,600,,,,,,,,crankshaft,6,20,50,,,,,,,,,,,,,,,,
crankshaft_49_short_crankshaft_with_few_throws_thin_webs.stl,short crankshaft with few throws thin webs,,,,,,300,,,,,,,,crankshaft,2,10,50,,,,,,,,,,,,,,,,
cylinder_head_0_long_cylinder_head_with_many_cylinders_large_ports_large_valves.stl,long cylinder head with many cylinders large ports large valves,,,,,,,,,,,,,,cylinder_head,,,,6,500,30,35,,,,,,,,,,,,
cylinder_head_1_short_cylinder_head_with_few_cylinders_small_ports_small_valves.stl,short cylinder head with few cylinders small ports small valves,,,,,,,,,,,,,,cylinder_head,,,,2,300,20,25,,,,,,,,,,,,
cylinder_head_2_cylinder_head_with_large_ports_large_valves.stl,cylinder head with large ports large valves,,,,,,,,,,,,,,cylinder_head,,,,4,400,30,35,,,,,,,,,,,,
cylinder_head_3_cylinder_head_with_small_ports_small_valves.stl,cylinder head with small ports small valves,,,,,,,,,,,,,,cylinder_head,,,,4,400,20,25,,,,,,,,,,,,
cylinder_head_4_long_cylinder_head_with_few_cylinders_large_ports.stl,long cylinder head with few cylinders large ports,,,,,,,,,,,,,,cylinder_head,,,,2,500,30,35,,,,,,,,,,,,
cylinder_head_5_short_cylinder_head_with_many_cylinders_small_ports.stl,short cylinder head with many cylinders small ports,,,,,,,,,,,,,,cylinder_head,,,,6,360,20,30,,,,,,,,,,,,
cylinder_head_6_long_cylinder_head_with_large_valves.stl,long cylinder head with large valves,,,,,,,,,,,,,,cylinder_head,,,,4,500,25,35,,,,,,,,,,,,
cylinder_head_7_short_cylinder_head_with_small_valves.stl,short cylinder head with small valves,,,,,,,,,,,,,,cylinder_head,,,,4,300,25,30,,,,,,,,,,,,
cylinder_head_8_cylinder_head_with_many_cylinders_large_ports.stl,cylinder head with many cylinders large ports,,,,,,,,,,,,,,cylinder_head,,,,6,400,30,35,,,,,,,,,,,,
cylinder_head_9_cylinder_head_with_few_cylinders_small_ports.stl,cylinder head with few cylinders small ports,,,,,,,,,,,,,,cylinder_head,,,,2,400,20,30,,,,,,,,,,,,
cylinder_head_10_long_cylinder_head_with_many_cylinders_large_valves.stl,long cylinder head with many cylinders large valves,,,,,,,,,,,,,,cylinder_head,,,,6,500,25,35,,,,,,,,,,,,
cylinder_head_11_short_cylinder_head_with_few_cylinders_small_valves.stl,short cylinder head with few cylinders small valves,,,,,,,,,,,,,,cylinder_head,,,,2,300,25,30,,,,,,,,,,,,
cylinder_head_12_long_cylinder_head_with_large_ports_small_valves.stl,long cylinder head with large ports small valves,,,,,,,,,,,,,,cylinder_head,,,,4,500,30,35,,,,,,,,,,,,
cylinder_head_13_short_cylinder_head_with_small_ports_large_valves.stl,short cylinder head with small ports large valves,,,,,,,,,,,,,,cylinder_head,,,,4,300,20,35,,,,,,,,,,,,
cylinder_head_14_cylinder_head_with_many_cylinders_large_valves.stl,cylinder head with many cylinders large valves,,,,,,,,,,,,,,cylinder_head,,,,6,400,25,35,,,,,,,,,,,,
cylinder_head_15_cylinder_head_with_few_cylinders_small_valves.stl,cylinder head with few cylinders small valves,,,,,,,,,,,,,,cylinder_head,,,,2,400,25,30,,,,,,,,,,,,
cylinder_head_16_long_cylinder_head_with_small_ports_many_cylinders.stl,long cylinder head with small ports many cylinders,,,,,,,,,,,,,,cylinder_head,,,,6,500,20,30,,,,,,,,,,,,
cylinder_head_17_short_cylinder_head_with_large_ports_few_cylinders.stl,short cylinder head with large ports few cylinders,,,,,,,,,,,,,,cylinder_head,,,,2,300,30,35,,,,,,,,,,,,
cylinder_head_18_long_cylinder_head_with_large_ports_large_valves.stl,long cylinder head with large ports large valves,,,,,,,,,,,,,,cylinder_head,,,,4,500,30,35,,,,,,,,,,,,
cylinder_head_19_short_cylinder_head_with_small_ports_small_valves.stl,short cylinder head with small ports small valves,,,,,,,,,,,,,,cylinder_head,,,,4,300,20,25,,,,,,,,,,,,
cylinder_head_20_long_cylinder_head_with_many_cylinders_small_ports.stl,long cylinder head with many cylinders small ports,,,,,,,,,,,,,,cylinder_head,,,,6,500,20,30,,,,,,,,,,,,
cylinder_head_21_short_cylinder_head_with_few_cylinders_large_ports.stl,short cylinder head with few cylinders large ports,,,,,,,,,,,,,,cylinder_head,,,,2,300,30,35,,,,,,,,,,,,
cylinder_head_22_cylinder_head_with_large_ports_many_cylinders_large_valves.stl,cylinder head with large ports many cylinders large valves,,,,,,,,,,,,,,cylinder_head,,,,6,400,30,35,,,,,,,,,,,,
cylinder_head_23_cylinder_head_with_small_ports_few_cylinders_small_valves.stl,cylinder head with small ports few cylinders small valves,,,,,,,,,,,,,,cylinder_head,,,,2,400,20,25,,,,,,,,,,,,
cylinder_head_24_long_cylinder_head_with_few_cylinders_large_valves.stl,long cylinder head with few cylinders large valves,,,,,,,,,,,,,,cylinder_head,,,,2,500,25,35,,,,,,,,,,,,
cylinder_head_25_short_cylinder_head_with_many_cylinders_small_valves.stl,short cylinder head with many cylinders small valves,,,,,,,,,,,,,,cylinder_head,,,,6,330,25,30,,,,,,,,,,,,
cylinder_head_26_long_cylinder_head_with_many_cylinders_large_ports_large_valves.stl,long cylinder head with many cylinders large ports large valves,,,,,,,,,,,,,,cylinder_head,,,,6,500,30,35,,,,,,,,,,,,
cylinder_head_27_short_cylinder_head_with_few_cylinders_small_ports_small_valves.stl,short cylinder head with few cylinders small ports small valves,,,,,,,,,,,,,,cylinder_head,,,,2,300,20,25,,,,,,,,,,,,
cylinder_head_28_long_cylinder_head_with_many_cylinders_large_valves.stl,long cylinder head with many cylinders large valves,,,,,,,,,,,,,,cylinder_head,,,,6,500,25,35,,,,,,,,,,,,
cylinder_head_29_short_cylinder_head_with_few_cylinders_small_valves.stl,short cylinder head with few cylinders small valves,,,,,,,,,,,,,,cylinder_head,,,,2,300,25,30,,,,,,,,,,,,
cylinder_head_30_long_cylinder_head_with_small_ports_large_valves.stl,long cylinder head with small ports large valves,,,,,,,,,,,,,,cylinder_head,,,,4,500,20,35,,,,,,,,,,,,
cylinder_head_31_short_cylinder_head_with_large_ports_small_valves.stl,short cylinder head with large ports small valves,,,,,,,,,,,,,,cylinder_head,,,,4,300,30,35,,,,,,,,,,,,
cylinder_head_32_long_cylinder_head_with_large_ports_many_cylinders.stl,long cylinder head with large ports many cylinders,,,,,,,,,,,,,,cylinder_head,,,,6,500,30,35,,,,,,,,,,,,
cylinder_head_33_short_cylinder_head_with_small_ports_few_cylinders.stl,short cylinder head with small ports few cylinders,,,,,,,,,,,,,,cylinder_head,,,,2,300,20,30,,,,,,,,,,,,
cylinder_head_34_long_cylinder_head_with_many_cylinders_large_ports_large_valves.stl,long cylinder head with many cylinders large ports large valves,,,,,,,,,,,,,,cylinder_head,,,,6,500,30,35,,,,,,,,,,,,
cylinder_head_35_short_cylinder_head_with_few_cylinders_small_ports_small_valves.stl,short cylinder head with few cylinders small ports small valves,,,,,,,,,,,,,,cylinder_head,,,,2,300,20,25,,,,,,,,,,,,
cylinder_head_36_long_cylinder_head_with_small_ports_large_valves.stl,long cylinder head with small ports large valves,,,,,,,,,,,,,,cylinder_head,,,,4,500,20,35,,,,,,,,,,,,
cylinder_head_37_short_cylinder_head_with_large_ports_small_valves.stl,short cylinder head with large ports small valves,,,,,,,,,,,,,,cylinder_head,,,,4,300,30,35,,,,,,,,,,,,
cylinder_head_38_long_cylinder_head_with_few_cylinders_large_ports_large_valves.stl,long cylinder head with few cylinders large ports large valves,,,,,,,,,,,,,,cylinder_head,,,,2,500,30,35,,,,,,,,,,,,
cylinder_head_39_short_cylinder_head_with_many_cylinders_small_ports_small_valves.stl,short cylinder head with many cylinders small ports small valves,,,,,,,,,,,,,,cylinder_head,,,,6,330,20,25,,,,,,,,,,,,
cylinder_head_40_long_cylinder_head_with_many_cylinders_large_ports_small_valves.stl,long cylinder head with many cylinders large ports small valves,,,,,,,,,,,,,,cylinder_head,,,,6,500,30,35,,,,,,,,,,,,
cylinder_head_41_short_cylinder_head_with_few_cylinders_small_ports_large_valves.stl,short cylinder head with few cylinders small ports large valves,,,,,,,,,,,,,,cylinder_head,,,,2,300,20,35,,,,,,,,,,,,
cylinder_head_42_long_cylinder_head_with_large_valves_many_cylinders.stl,long cylinder head with large valves many cylinders,,,,,,,,,,,,,,cylinder_head,,,,6,500,25,35,,,,,,,,,,,,
cylinder_head_43_short_cylinder_head_with_small_valves_few_cylinders.stl,short cylinder head with small valves few cylinders,,,,,,,,,,,,,,cylinder_head,,,,2,300,25,30,,,,,,,,,,,,
cylinder_head_44_long_cylinder_head_with_large_ports_large_valves_many_cylinders.stl,long cylinder head with large ports large valves many cylinders,,,,,,,,,,,,,,cylinder_head,,,,6,500,30,35,,,,,,,,,,,,
cylinder_head_45_short_cylinder_head_with_small_ports_small_valves_few_cylinders.stl,short cylinder head with small ports small valves few cylinders,,,,,,,,,,,,,,cylinder_head,,,,2,300,20,25,,,,,,,,,,,,
cylinder_head_46_long_cylinder_head_with_many_cylinders_small_ports_large_valves.stl,long cylinder head with many cylinders small ports large valves,,,,,,,,,,,,,,cylinder_head,,,,6,500,20,35,,,,,,,,,,,,
cylinder_head_47_short_cylinder_head_with_few_cylinders_large_ports_small_valves.stl,short cylinder head with few cylinders large ports small valves,,,,,,,,,,,,,,cylinder_head,,,,2,300,30,35,,,,,,,,,,,,
cylinder_head_48_long_cylinder_head_with_many_cylinders_large_ports.stl,long cylinder head with many cylinders large ports,,,,,,,,,,,,,,cylinder_head,,,,6,500,30,35,,,,,,,,,,,,
cylinder_head_49_short_cylinder_head_with_few_cylinders_small_ports.stl,short cylinder head with few cylinders small ports,,,,,,,,,,,,,,cylinder_head,,,,2,300,20,30,,,,,,,,,,,,
crankcase_0_long_crankcase_with_many_cylinders_wide_tall_deep_oil_pan_large_bearings_thick_flanges_high_cooling.stl,long crankcase with many cylinders wide tall deep oil pan large bearings thick flanges high cooling,,,,,,,,,,,,,,crankcase,,,,6,,,,600,350,250,120,60,20,,,,,,
crankcase_1_short_crankcase_with_few_cylinders_narrow_short_height_shallow_oil_pan_small_bearings_thin_flanges.stl,short crankcase with few cylinders narrow short height shallow oil pan small bearings thin flanges,,,,,,,,,,,,,,crankcase,,,,2,,,,400,250,150,80,40,10,,,,,,
crankcase_2_crankcase_with_large_bearings_thick_flanges_high_cooling.stl,crankcase with large bearings thick flanges high cooling,,,,,,,,,,,,,,crankcase,,,,4,,,,500,300,200,100,60,20,,,,,,
crankcase_3_crankcase_with_small_bearings_thin_flanges.stl,crankcase with small bearings thin flanges,,,,,,,,,,,,,,crankcase,,,,4,,,,500,300,200,100,40,10,,,,,,
crankcase_4_long_crankcase_with_few_cylinders_wide_deep_oil_pan.stl,long crankcase with few cylinders wide deep oil pan,,,,,,,,,,,,,,crankcase,,,,2,,,,600,350,200,120,50,15,,,,,,
crankcase_5_short_crankcase_with_many_cylinders_narrow_shallow_oil_pan.stl,short crankcase with many cylinders narrow shallow oil pan,,,,,,,,,,,,,,crankcase,,,,6,,,,520,250,200,80,50,15,,,,,,
crankcase_6_tall_crankcase_with_large_bearings.stl,tall crankcase with large bearings,,,,,,,,,,,,,,crankcase,,,,4,,,,500,300,250,100,60,15,,,,,,
crankcase_7_short_height_crankcase_with_small_bearings.stl,short height crankcase with small bearings,,,,,,,,,,,,,,crankcase,,,,4,,,,400,300,150,100,40,15,,,,,,
crankcase_8_crankcase_with_many_cylinders_wide_high_cooling.stl,crankcase with many cylinders wide high cooling,,,,,,,,,,,,,,crankcase,,,,6,,,,520,350,200,100,50,15,,,,,,
crankcase_9_crankcase_with_few_cylinders_narrow.stl,crankcase with few cylinders narrow,,,,,,,,,,,,,,crankcase,,,,2,,,,500,250,200,100,50,15,,,,,,
crankcase_10_long_crankcase_with_many_cylinders_thick_flanges.stl,long crankcase with many cylinders thick flanges,,,,,,,,,,,,,,crankcase,,,,6,,,,600,300,200,100,50,20,,,,,,
crankcase_11_short_crankcase_with_few_cylinders_thin_flanges.stl,short crankcase with few cylinders thin flanges,,,,,,,,,,,,,,crankcase,,,,2,,,,400,300,200,100,50,10,,,,,,
crankcase_12_long_crankcase_with_deep_oil_pan_large_bearings.stl,long crankcase with deep oil pan large bearings,,,,,,,,,,,,,,crankcase,,,,4,,,,600,300,200,120,60,15,,,,,,
crankcase_13_short_crankcase_with_shallow_oil_pan_small_bearings.stl,short crankcase with shallow oil pan small bearings,,,,,,,,,,,,,,crankcase,,,,4,,,,400,300,200,80,40,15,,,,,,
crankcase_14_crankcase_with_many_cylinders_tall_high_cooling.stl,crankcase with many cylinders tall high cooling,,,,,,,,,,,,,,crankcase,,,,6,,,,520,300,250,100,50,15,,,,,,
crankcase_15_crankcase_with_few_cylinders_short_height.stl,crankcase with few cylinders short height,,,,,,,,,,,,,,crankcase,,,,2,,,,400,300,150,100,50,15,,,,,,
crankcase_16_long_crankcase_with_narrow_many_cylinders.stl,long crankcase with narrow many cylinders,,,,,,,,,,,,,,crankcase,,,,6,,,,600,250,200,100,50,15,,,,,,
crankcase_17_short_crankcase_with_wide_few_cylinders.stl,short crankcase with wide few cylinders,,,,,,,,,,,,,,crankcase,,,,2,,,,400,350,200,100,50,15,,,,,,
crankcase_18_long_crankcase_with_wide_tall_deep_oil_pan.stl,long crankcase with wide tall deep oil pan,,,,,,,,,,,,,,crankcase,,,,4,,,,600,350,250,120,50,15,,,,,,
crankcase_19_short_crankcase_with_narrow_short_height_shallow_oil_pan.stl,short crankcase with narrow short height shallow oil pan,,,,,,,,,,,,,,crankcase,,,,4,,,,400,250,150,80,50,15,,,,,,
crankcase_20_long_crankcase_with_many_cylinders_shallow_oil_pan.stl,long crankcase with many cylinders shallow oil pan,,,,,,,,,,,,,,crankcase,,,,6,,,,600,300,200,80,50,15,,,,,,
crankcase_21_short_crankcase_with_few_cylinders_deep_oil_pan.stl,short crankcase with few cylinders deep oil pan,,,,,,,,,,,,,,crankcase,,,,2,,,,400,300,200,120,50,15,,,,,,
crankcase_22_crankcase_with_wide_many_cylinders_large_bearings_high_cooling.stl,crankcase with wide many cylinders large bearings high cooling,,,,,,,,,,,,,,crankcase,,,,6,,,,580,350,200,100,60,15,,,,,,
crankcase_23_crankcase_with_narrow_few_cylinders_small_bearings.stl,crankcase with narrow few cylinders small bearings,,,,,,,,,,,,,,crankcase,,,,2,,,,500,250,200,100,40,15,,,,,,
crankcase_24_long_crankcase_with_few_cylinders_thick_flanges.stl,long crankcase with few cylinders thick flanges,,,,,,,,,,,,,,crankcase,,,,2,,,,600,300,200,100,50,20,,,,,,
crankcase_25_short_crankcase_with_many_cylinders_thin_flanges.stl,short crankcase with many cylinders thin flanges,,,,,,,,,,,,,,crankcase,,,,6,,,,520,300,200,100,50,10,,,,,,
crankcase_26_long_crankcase_with_many_cylinders_wide_tall_large_bearings_high_cooling.stl,long crankcase with many cylinders wide tall large bearings high cooling,,,,,,,,,,,,,,crankcase,,,,6,,,,600,350,250,100,60,15,,,,,,
crankcase_27_short_crankcase_with_few_cylinders_narrow_short_height_small_bearings.stl,short crankcase with few cylinders narrow short height small bearings,,,,,,,,,,,,,,crankcase,,,,2,,,,400,250,150,100,40,15,,,,,,
crankcase_28_tall_crankcase_with_many_cylinders_high_cooling.stl,tall crankcase with many cylinders high cooling,,,,,,,,,,,,,,crankcase,,,,6,,,,520,300,250,100,50,15,,,,,,
crankcase_29_short_height_crankcase_with_few_cylinders.stl,short height crankcase with few cylinders,,,,,,,,,,,,,,crankcase,,,,2,,,,400,300,150,100,50,15,,,,,,
crankcase_30_long_crankcase_with_shallow_oil_pan_thick_flanges.stl,long crankcase with shallow oil pan thick flanges,,,,,,,,,,,,,,crankcase,,,,4,,,,600,300,200,80,50,20,,,,,,
crankcase_31_short_crankcase_with_deep_oil_pan_thin_flanges.stl,short crankcase with deep oil pan thin flanges,,,,,,,,,,,,,,crankcase,,,,4,,,,400,300,200,120,50,10,,,,,,
crankcase_32_long_crankcase_with_wide_many_cylinders.stl,long crankcase with wide many cylinders,,,,,,,,,,,,,,crankcase,,,,6,,,,600,350,200,100,50,15,,,,,,
crankcase_33_short_crankcase_with_narrow_few_cylinders.stl,short crankcase with narrow few cylinders,,,,,,,,,,,,,,crankcase,,,,2,,,,400,250,200,100,50,15,,,,,,
crankcase_34_long_crankcase_with_many_cylinders_wide_tall_deep_oil_pan_high_cooling.stl,long crankcase with many cylinders wide tall deep oil pan high cooling,,,,,,,,,,,,,,crankcase,,,,6,,,,600,350,250,120,50,15,,,,,,
crankcase_35_short_crankcase_with_few_cylinders_narrow_short_height_shallow_oil_pan.stl,short crankcase with few cylinders narrow short height shallow oil pan,,,,,,,,,,,,,,crankcase,,,,2,,,,400,250,150,80,50,15,,,,,,
crankcase_36_long_crankcase_with_shallow_oil_pan_large_bearings.stl,long crankcase with shallow oil pan large bearings,,,,,,,,,,,,,,crankcase,,,,4,,,,600,300,200,80,60,15,,,,,,
crankcase_37_short_crankcase_with_deep_oil_pan_small_bearings.stl,short crankcase with deep oil pan small bearings,,,,,,,,,,,,,,crankcase,,,,4,,,,400,300,200,120,40,15,,,,,,
crankcase_38_long_crankcase_with_few_cylinders_wide_tall_high_cooling.stl,long crankcase with few cylinders wide tall high cooling,,,,,,,,,,,,,,crankcase,,,,2,,,,600,350,250,100,50,15,,,,,,
crankcase_39_short_crankcase_with_many_cylinders_narrow_short_height.stl,short crankcase with many cylinders narrow short height,,,,,,,,,,,,,,crankcase,,,,6,,,,520,250,150,100,50,15,,,,,,
crankcase_40_long_crankcase_with_many_cylinders_wide_deep_oil_pan.stl,long crankcase with many cylinders wide deep oil pan,,,,,,,,,,,,,,crankcase,,,,6,,,,600,350,200,120,50,15,,,,,,
crankcase_41_short_crankcase_with_few_cylinders_narrow_shallow_oil_pan.stl,short crankcase with few cylinders narrow shallow oil pan,,,,,,,,,,,,,,crankcase,,,,2,,,,400,250,200,80,50,15,,,,,,
crankcase_42_tall_crankcase_with_large_bearings_many_cylinders.stl,tall crankcase with large bearings many cylinders,,,,,,,,,,,,,,crankcase,,,,6,,,,580,300,250,100,60,15,,,,,,
crankcase_43_short_height_crankcase_with_small_bearings_few_cylinders.stl,short height crankcase with small bearings few cylinders,,,,,,,,,,,,,,crankcase,,,,2,,,,400,300,150,100,40,15,,,,,,
crankcase_44_long_crankcase_with_wide_tall_large_bearings_high_cooling.stl,long crankcase with wide tall large bearings high cooling,,,,,,,,,,,,,,crankcase,,,,4,,,,600,350,250,100,60,15,,,,,,
crankcase_45_short_crankcase_with_narrow_short_height_small_bearings.stl,short crankcase with narrow short height small bearings,,,,,,,,,,,,,,crankcase,,,,4,,,,400,250,150,100,40,15,,,,,,
crankcase_46_long_crankcase_with_many_cylinders_shallow_oil_pan_thick_flanges.stl,long crankcase with many cylinders shallow oil pan thick flanges,,,,,,,,,,,,,,crankcase,,,,6,,,,600,300,200,80,50,20,,,,,,
crankcase_47_short_crankcase_with_few_cylinders_deep_oil_pan_thin_flanges.stl,short crankcase with few cylinders deep oil pan thin flanges,,,,,,,,,,,,,,crankcase,,,,2,,,,400,300,200,120,50,10,,,,,,
crankcase_48_long_crankcase_with_many_cylinders_wide_high_cooling.stl,long crankcase with many cylinders wide high cooling,,,,,,,,,,,,,,crankcase,,,,6,,,,600,350,200,100,50,15,,,,,,
crankcase_49_short_crankcase_with_few_cylinders_narrow.stl,short crankcase with few cylinders narrow,,,,,,,,,,,,,,crankcase,,,,2,,,,400,250,200,100,50,15,,,,,,
engine_valve_0_intake_valve_with_long_stem_large_head_thick_stem_filleted.stl,intake valve with long stem large head thick stem filleted,,,,,,,,,,,,,,engine_valve,,,,,,,,,,,,,,intake,120,8,35,4,TRUE
engine_valve_1_exhaust_valve_with_short_stem_small_head_thin_stem.stl,exhaust valve with short stem small head thin stem,,,,,,,,,,,,,,engine_valve,,,,,,,,,,,,,,exhaust,80,5,20,4,FALSE
engine_valve_2_intake_valve_with_large_head_filleted.stl,intake valve with large head filleted,,,,,,,,,,,,,,engine_valve,,,,,,,,,,,,,,intake,100,6,35,4,TRUE
engine_valve_3_exhaust_valve_with_small_head.stl,exhaust valve with small head,,,,,,,,,,,,,,engine_valve,,,,,,,,,,,,,,exhaust,100,6,20,4,FALSE
engine_valve_4_intake_valve_with_long_stem_thick_stem.stl,intake valve with long stem thick stem,,,,,,,,,,,,,,engine_valve,,,,,,,,,,,,,,intake,120,8,30,4,FALSE
engine_valve_5_exhaust_valve_with_short_stem_thin_stem.stl,exhaust valve with short stem thin stem,,,,,,,,,,,,,,engine_valve,,,,,,,,,,,,,,exhaust,80,5,25,4,FALSE
engine_valve_6_intake_valve_with_large_head_thick_stem_filleted.stl,intake valve with large head thick stem filleted,,,,,,,,,,,,,,engine_valve,,,,,,,,,,,,,,intake,100,8,35,4,TRUE
engine_valve_7_exhaust_valve_with_small_head_thin_stem.stl,exhaust valve with small head thin stem,,,,,,,,,,,,,,engine_valve,,,,,,,,,,,,,,exhaust,100,5,20,4,FALSE
engine_valve_8_intake_valve_with_long_stem_large_head.stl,intake valve with long stem large head,,,,,,,,,,,,,,engine_valve,,,,,,,,,,,,,,intake,120,6,35,4,FALSE
engine_valve_9_exhaust_valve_with_short_stem_small_head.stl,exhaust valve with short stem small head,,,,,,,,,,,,,,engine_valve,,,,,,,,,,,,,,exhaust,80,6,20,4,FALSE
engine_valve_10_intake_valve_with_thick_stem_filleted.stl,intake valve with thick stem filleted,,,,,,,,,,,,,,engine_valve,,,,,,,,,,,,,,intake,100,8,30,4,TRUE
engine_valve_11_exhaust_valve_with_thin_stem.stl,exhaust valve with thin stem,,,,,,,,,,,,,,engine_valve,,,,,,,,,,,,,,exhaust,100,5,25,4,FALSE
engine_valve_12_intake_valve_with_long_stem_small_head_filleted.stl,intake valve with long stem small head filleted,,,,,,,,,,,,,,engine_valve,,,,,,,,,,,,,,intake,120,6,25,4,TRUE
engine_valve_13_exhaust_valve_with_short_stem_large_head.stl,exhaust valve with short stem large head,,,,,,,,,,,,,,engine_valve,,,,,,,,,,,,,,exhaust,80,6,30,4,FALSE
engine_valve_14_intake_valve_with_large_head_thin_stem.stl,intake valve with large head thin stem,,,,,,,,,,,,,,engine_valve,,,,,,,,,,,,,,intake,100,5,35,4,FALSE
engine_valve_15_exhaust_valve_with_small_head_thick_stem.stl,exhaust valve with small head thick stem,,,,,,,,,,,,,,engine_valve,,,,,,,,,,,,,,exhaust,100,8,24,4,FALSE
engine_valve_16_intake_valve_with_long_stem_filleted.stl,intake valve with long stem filleted,,,,,,,,,,,,,,engine_valve,,,,,,,,,,,,,,intake,120,6,30,4,TRUE
engine_valve_17_exhaust_valve_with_short_stem.stl,exhaust valve with short stem,,,,,,,,,,,,,,engine_valve,,,,,,,,,,,,,,exhaust,80,6,25,4,FALSE
engine_valve_18_intake_valve_with_large_head_thick_stem.stl,intake valve with large head thick stem,,,,,,,,,,,,,,engine_valve,,,,,,,,,,,,,,intake,100,8,35,4,FALSE
engine_valve_19_exhaust_valve_with_small_head_thin_stem_filleted.stl,exhaust valve with small head thin stem filleted,,,,,,,,,,,,,,engine_valve,,,,,,,,,,,,,,exhaust,100,5,20,4,TRUE
engine_valve_20_intake_valve_with_long_stem_large_head_filleted.stl,intake valve with long stem large head filleted,,,,,,,,,,,,,,engine_valve,,,,,,,,,,,,,,intake,120,6,35,4,TRUE
engine_valve_21_exhaust_valve_with_short_stem_small_head.stl,exhaust valve with short stem small head,,,,,,,,,,,,,,engine_valve,,,,,,,,,,,,,,exhaust,80,6,20,4,FALSE
engine_valve_22_intake_valve_with_thick_stem_large_head.stl,intake valve with thick stem large head,,,,,,,,,,,,,,engine_valve,,,,,,,,,,,,,,intake,100,8,35,4,FALSE
engine_valve_23_exhaust_valve_with_thin_stem_small_head.stl,exhaust valve with thin stem small head,,,,,,,,,,,,,,engine_valve,,,,,,,,,,,,,,exhaust,100,5,20,4,FALSE
engine_valve_24_intake_valve_with_long_stem_thin_stem_filleted.stl,intake valve with long stem thin stem filleted,,,,,,,,,,,,,,engine_valve,,,,,,,,,,,,,,intake,120,5,30,4,TRUE
engine_valve_25_exhaust_valve_with_short_stem_thick_stem.stl,exhaust valve with short stem thick stem,,,,,,,,,,,,,,engine_valve,,,,,,,,,,,,,,exhaust,80,8,25,4,FALSE
engine_valve_26_intake_valve_with_large_head_filleted.stl,intake valve with large head filleted,,,,,,,,,,,,,,engine_valve,,,,,,,,,,,,,,intake,100,6,35,4,TRUE
engine_valve_27_exhaust_valve_with_small_head_thin_stem.stl,exhaust valve with small head thin stem,,,,,,,,,,,,,,engine_valve,,,,,,,,,,,,,,exhaust,100,5,20,4,FALSE
engine_valve_28_intake_valve_with_long_stem_thick_stem_large_head.stl,intake valve with long stem thick stem large head,,,,,,,,,,,,,,engine_valve,,,,,,,,,,,,,,intake,120,8,35,4,FALSE
engine_valve_29_exhaust_valve_with_short_stem_small_head_thin_stem.stl,exhaust valve with short stem small head thin stem,,,,,,,,,,,,,,engine_valve,,,,,,,,,,,,,,exhaust,80,5,20,4,FALSE
engine_valve_30_intake_valve_with_filleted_thick_stem.stl,intake valve with filleted thick stem,,,,,,,,,,,,,,engine_valve,,,,,,,,,,,,,,intake,100,8,30,4,TRUE
engine_valve_31_exhaust_valve_with_thin_stem.stl,exhaust valve with thin stem,,,,,,,,,,,,,,engine_valve,,,,,,,,,,,,,,exhaust,100,5,25,4,FALSE
engine_valve_32_intake_valve_with_long_stem_large_head_thin_stem.stl,intake valve with long stem large head thin stem,,,,,,,,,,,,,,engine_valve,,,,,,,,,,,,,,intake,120,5,35,4,FALSE
engine_valve_33_exhaust_valve_with_short_stem_small_head_thick_stem.stl,exhaust valve with short stem small head thick stem,,,,,,,,,,,,,,engine_valve,,,,,,,,,,,,,,exhaust,80,8,24,4,FALSE
engine_valve_34_intake_valve_with_large_head_thick_stem_filleted.stl,intake valve with large head thick stem filleted,,,,,,,,,,,,,,engine_valve,,,,,,,,,,,,,,intake,100,8,35,4,TRUE
engine_valve_35_exhaust_valve_with_small_head_thin_stem.stl,exhaust valve with small head thin stem,,,,,,,,,,,,,,engine_valve,,,,,,,,,,,,,,exhaust,100,5,20,4,FALSE
engine_valve_36_intake_valve_with_long_stem_small_head.stl,intake valve with long stem small head,,,,,,,,,,,,,,engine_valve,,,,,,,,,,,,,,intake,120,6,25,4,FALSE
engine_valve_37_exhaust_valve_with_short_stem_large_head_filleted.stl,exhaust valve with short stem large head filleted,,,,,,,,,,,,,,engine_valve,,,,,,,,,,,,,,exhaust,80,6,30,4,TRUE
engine_valve_38_intake_valve_with_thick_stem_large_head.stl,intake valve with thick stem large head,,,,,,,,,,,,,,engine_valve,,,,,,,,,,,,,,intake,100,8,35,4,FALSE
engine_valve_39_exhaust_valve_with_thin_stem_small_head_filleted.stl,exhaust valve with thin stem small head filleted,,,,,,,,,,,,,,engine_valve,,,,,,,,,,,,,,exhaust,100,5,20,4,TRUE
engine_valve_40_intake_valve_with_long_stem_thick_stem_filleted.stl,intake valve with long stem thick stem filleted,,,,,,,,,,,,,,engine_valve,,,,,,,,,,,,,,intake,120,8,30,4,TRUE
engine_valve_41_exhaust_valve_with_short_stem_thin_stem.stl,exhaust valve with short stem thin stem,,,,,,,,,,,,,,engine_valve,,,,,,,,,,,,,,exhaust,80,5,25,4,FALSE
engine_valve_42_intake_valve_with_large_head_thin_stem_filleted.stl,intake valve with large head thin stem filleted,,,,,,,,,,,,,,engine_valve,,,,,,,,,,,,,,intake,100,5,35,4,TRUE
engine_valve_43_exhaust_valve_with_small_head_thick_stem.stl,exhaust valve with small head thick stem,,,,,,,,,,,,,,engine_valve,,,,,,,,,,,,,,exhaust,100,8,24,4,FALSE
engine_valve_44_intake_valve_with_long_stem_large_head_thick_stem.stl,intake valve with long stem large head thick stem,,,,,,,,,,,,,,engine_valve,,,,,,,,,,,,,,intake,120,8,35,4,FALSE
engine_valve_45_exhaust_valve_with_short_stem_small_head_thin_stem.stl,exhaust valve with short stem small head thin stem,,,,,,,,,,,,,,engine_valve,,,,,,,,,,,,,,exhaust,80,5,20,4,FALSE
engine_valve_46_intake_valve_with_filleted_large_head.stl,intake valve with filleted large head,,,,,,,,,,,,,,engine_valve,,,,,,,,,,,,,,intake,100,6,35,4,TRUE
engine_valve_47_exhaust_valve_with_thin_stem_short_stem.stl,exhaust valve with thin stem short stem,,,,,,,,,,,,,,engine_valve,,,,,,,,,,,,,,exhaust,80,5,25,4,FALSE
engine_valve_48_intake_valve_with_long_stem_thick_stem_filleted.stl,intake valve with long stem thick stem filleted,,,,,,,,,,,,,,engine_valve,,,,,,,,,,,,,,intake,120,8,30,4,TRUE
engine_valve_49_exhaust_valve_with_small_head_thin_stem.stl,exhaust valve with small head thin stem,,,,,,,,,,,,,,engine_valve,,,,,,,,,,,,,,exhaust,100,5,20,4,FALSE
camshaft_303.stl,camshaft,long thick camshaft with big cams 
camshaft_304.stl,camshaft,long thick camshaft with big cams 
camshaft_305.stl,camshaft,long thick camshaft with big cams 
connecting_rod_306.stl,connecting_rod,long thick rod with big end 
camshaft_307.stl,camshaft,long thick camshaft with big cams 
crankshaft_308.stl,crankshaft,200mm long connecting rod with 30mm wide bearing
connecting_rod_309.stl,connecting_rod,200mm long connecting rod with 30mm wide bearing
connecting_rod_310.stl,connecting_rod,"connecting rod model with a big end and small end using standard engine proportions, exported as an STL in millimeters"
